﻿<?xml version="1.0" encoding="utf-8"?>
<soap:Envelope xmlns:xsi="http://www.w3.org/2001/XMLSchema-instance" xmlns:xsd="http://www.w3.org/2001/XMLSchema" xmlns:soap="http://schemas.xmlsoap.org/soap/envelope/">
  <soap:Body>
    <WTSP_GETVERSION xmlns="http://www.pegatroncorp.com/SFISWebService/">
      <programId>string</programId>
      <programPassword>string</programPassword>
      <ISN>string</ISN>
      <device>string</device>
      <type>string</type>
      <ChkData>string</ChkData>
      <ChkData2>string</ChkData2>
    </WTSP_GETVERSION>
  </soap:Body>
</soap:Envelope>